{
  "parent": "item/generated",
  "textures": {
    "layer0": "rowan:item/gun"
  },
  "display": {
    "thirdperson_righthand": {
      "rotation": [
        -80,
        260,
        -40
      ],
      "translation": [
        0,
        0,
        -2.5
      ],
      "scale": [
        0.75,
        0.75,
        0.75
      ]
    },
    "thirdperson_lefthand": {
      "rotation": [
        -80,
        -260,
        40
      ],
      "translation": [
        0,
        0,
        -2.5
      ],
      "scale": [
        0.75,
        0.75,
        0.75
      ]
    },
    "firstperson_righthand": {
      "rotation": [
        0,
        -90,
        25
      ],
      "translation": [
        0,
        3.2,
        -1.13
      ],
      "scale": [
        0.75,
        0.75,
        0.75
      ]
    },
    "firstperson_lefthand": {
      "rotation": [
        0,
        90,
        -25
      ],
      "translation": [
        0,
        3.2,
        -1.13
      ],
      "scale": [
        0.75,
        0.75,
        0.75
      ]
    }
  }
}