{
  "credit": "Made with Blockbench",
  "textures": {
    "0": "block/anvil",
    "1": "block/white_wool",
    "particle": "block/anvil"
  },
  "elements": [
    {
      "from": [
        3,
        0,
        3
      ],
      "to": [
        13,
        1,
        13
      ],
      "rotation": {
        "angle": 0,
        "axis": "y",
        "origin": [
          12,
          8,
          12
        ]
      },
      "faces": {
        "north": {
          "uv": [
            0,
            0,
            10,
            1
          ],
          "texture": "#0"
        },
        "east": {
          "uv": [
            0,
            0,
            10,
            1
          ],
          "texture": "#0"
        },
        "south": {
          "uv": [
            0,
            0,
            10,
            1
          ],
          "texture": "#0"
        },
        "west": {
          "uv": [
            0,
            0,
            10,
            1
          ],
          "texture": "#0"
        },
        "up": {
          "uv": [
            0,
            0,
            10,
            10
          ],
          "texture": "#0"
        },
        "down": {
          "uv": [
            0,
            0,
            10,
            10
          ],
          "texture": "#0"
        }
      }
    },
    {
      "from": [
        4,
        2,
        4
      ],
      "to": [
        12,
        9,
        12
      ],
      "rotation": {
        "angle": 0,
        "axis": "y",
        "origin": [
          12,
          10,
          12
        ]
      },
      "faces": {
        "north": {
          "uv": [
            0,
            0,
            8,
            3
          ],
          "texture": "#0"
        },
        "east": {
          "uv": [
            0,
            0,
            8,
            3
          ],
          "texture": "#0"
        },
        "south": {
          "uv": [
            0,
            0,
            8,
            3
          ],
          "texture": "#0"
        },
        "west": {
          "uv": [
            0,
            0,
            8,
            3
          ],
          "texture": "#0"
        },
        "up": {
          "uv": [
            0,
            0,
            8,
            8
          ],
          "texture": "#0"
        },
        "down": {
          "uv": [
            0,
            0,
            8,
            8
          ],
          "texture": "#0"
        }
      }
    },
    {
      "from": [
        4,
        1,
        4
      ],
      "to": [
        12,
        2,
        12
      ],
      "rotation": {
        "angle": 0,
        "axis": "y",
        "origin": [
          12,
          9,
          12
        ]
      },
      "faces": {
        "north": {
          "uv": [
            0,
            0,
            8,
            1
          ],
          "texture": "#1"
        },
        "east": {
          "uv": [
            0,
            0,
            8,
            1
          ],
          "texture": "#1"
        },
        "south": {
          "uv": [
            0,
            0,
            8,
            1
          ],
          "texture": "#1"
        },
        "west": {
          "uv": [
            0,
            0,
            8,
            1
          ],
          "texture": "#1"
        },
        "up": {
          "uv": [
            0,
            0,
            8,
            8
          ],
          "texture": "#1"
        },
        "down": {
          "uv": [
            0,
            0,
            8,
            8
          ],
          "texture": "#1"
        }
      }
    }
  ],
  "display": {
    "thirdperson_lefthand": {
      "rotation": [
        68,
        0,
        0
      ],
      "translation": [
        -6,
        5,
        26.25
      ]
    },
    "gui": {
      "rotation": [
        45,
        45,
        0
      ],
      "translation": [
        0,
        4.5,
        0
      ]
    },
    "head": {
      "translation": [
        0,
        18.25,
        0
      ],
      "scale": [
        1.5,
        1.5,
        1.5
      ]
    }
  }
}